split0_test_rmse,split1_test_rmse,split2_test_rmse,mean_test_rmse,std_test_rmse,rank_test_rmse,mean_fit_time,std_fit_time,mean_test_time,std_test_time,params,param_n_factors,param_lr_all,param_reg_all,param_n_epochs
3.0662111120747286,3.076290299964615,3.074516034814554,3.0723391489512992,0.004393300291439019,14,4.303299029668172,0.43447828149884254,2.0929721196492515,0.2698558406915412,"{'n_factors': 50, 'lr_all': 0.002, 'reg_all': 0.02, 'n_epochs': 20}",50,0.002,0.02,20
3.119322124544913,3.1229316624594827,3.1287891637301968,3.1236809835781973,0.003901052792784592,163,8.17736021677653,0.24200569694946886,2.353992303212484,0.09189375000809277,"{'n_factors': 50, 'lr_all': 0.002, 'reg_all': 0.02, 'n_epochs': 30}",50,0.002,0.02,30
3.1558887149775243,3.164912069914317,3.1657048644254737,3.1621685497724386,0.004452293384522197,200,11.753472089767456,0.4141833003465464,2.233143409093221,0.035703355612746845,"{'n_factors': 50, 'lr_all': 0.002, 'reg_all': 0.02, 'n_epochs': 40}",50,0.002,0.02,40
3.1734698262377186,3.1849686858334736,3.1781711900443943,3.178869900705196,0.004720317110912486,211,14.59522557258606,0.07960864744290613,2.250314394632975,0.19240823460864379,"{'n_factors': 50, 'lr_all': 0.002, 'reg_all': 0.02, 'n_epochs': 50}",50,0.002,0.02,50
3.0540673541381986,3.0624696624766603,3.0620532792312765,3.059530098615378,0.0038664821797061797,6,5.811292966206868,0.28458742278959587,2.338752031326294,0.12489019231153738,"{'n_factors': 50, 'lr_all': 0.002, 'reg_all': 0.05, 'n_epochs': 20}",50,0.002,0.05,20
3.0904596493726917,3.1037660285907007,3.101875858410007,3.0987005121244664,0.005878041056802686,78,8.598937034606934,0.2639291774522358,2.222776254018148,0.17066486016634533,"{'n_factors': 50, 'lr_all': 0.002, 'reg_all': 0.05, 'n_epochs': 30}",50,0.002,0.05,30
3.1278294749932414,3.132729434996044,3.1348001567831867,3.131786355590824,0.002922858216150907,176,11.766401688257853,0.3527607484970445,2.3593711058298745,0.11027628387269235,"{'n_factors': 50, 'lr_all': 0.002, 'reg_all': 0.05, 'n_epochs': 40}",50,0.002,0.05,40
3.1458869570670145,3.154107182529872,3.1517831026494036,3.1505924140820967,0.003459897022869216,195,14.229743003845215,0.24774067033285577,2.2868348757425943,0.2828440528253883,"{'n_factors': 50, 'lr_all': 0.002, 'reg_all': 0.05, 'n_epochs': 50}",50,0.002,0.05,50
3.045706891421271,3.0550990870264254,3.051894407079613,3.050900128509103,0.0038982711534047655,1,6.2701499462127686,0.09182600244707335,2.300025304158529,0.053639948986858005,"{'n_factors': 50, 'lr_all': 0.002, 'reg_all': 0.1, 'n_epochs': 20}",50,0.002,0.1,20
3.0723531713577072,3.076857167142555,3.078691198327837,3.0759671789426997,0.0026629189142034593,19,8.995601733525595,0.7764189913737273,2.1258909702301025,0.14030191824759577,"{'n_factors': 50, 'lr_all': 0.002, 'reg_all': 0.1, 'n_epochs': 30}",50,0.002,0.1,30
3.1015259221830265,3.107051587290574,3.1046834859567065,3.1044203318101027,0.0022635048485109338,110,11.287224769592285,0.3982987857297322,2.1622910499572754,0.007973740033359747,"{'n_factors': 50, 'lr_all': 0.002, 'reg_all': 0.1, 'n_epochs': 40}",50,0.002,0.1,40
3.118502037799594,3.126926061637064,3.1227385097503437,3.122722203062334,0.003439112660228994,161,14.252209583918253,0.2997209784505699,2.0673882166544595,0.31587825984792767,"{'n_factors': 50, 'lr_all': 0.002, 'reg_all': 0.1, 'n_epochs': 50}",50,0.002,0.1,50
3.1676357185681345,3.175759523162505,3.1799466942867163,3.1744473120057854,0.005110867791660061,206,6.0392889976501465,0.13480465292127183,2.340883493423462,0.3311131138600264,"{'n_factors': 50, 'lr_all': 0.005, 'reg_all': 0.02, 'n_epochs': 20}",50,0.005,0.02,20
3.1902857099754427,3.1929379002819553,3.196009697930054,3.193077769395817,0.0023389003189380536,218,9.249530712763468,0.383143477070317,2.2924605210622153,0.07771897266556888,"{'n_factors': 50, 'lr_all': 0.005, 'reg_all': 0.02, 'n_epochs': 30}",50,0.005,0.02,30
3.204011493462506,3.205127317530203,3.198838208816675,3.202659006603128,0.002739846422853721,224,11.77326758702596,0.27347922799584823,2.3038651943206787,0.2107868655151976,"{'n_factors': 50, 'lr_all': 0.005, 'reg_all': 0.02, 'n_epochs': 40}",50,0.005,0.02,40
3.2046078833149676,3.2018197727487365,3.210505969269487,3.20564454177773,0.0036210954213319554,229,14.199920892715454,0.6293058702891957,2.1410011450449624,0.04464464117804852,"{'n_factors': 50, 'lr_all': 0.005, 'reg_all': 0.02, 'n_epochs': 50}",50,0.005,0.02,50
3.14488618591873,3.143036253766889,3.15046726883133,3.146129902838983,0.0031585988513136106,193,5.76818044980367,0.33554703779993805,2.208608706792196,0.19222633669631126,"{'n_factors': 50, 'lr_all': 0.005, 'reg_all': 0.05, 'n_epochs': 20}",50,0.005,0.05,20
3.1674383059330387,3.1688516714605037,3.169833189818723,3.1687077224040885,0.0009829914223463889,202,8.381836891174316,0.1448699166011322,2.1686227321624756,0.16796425115796668,"{'n_factors': 50, 'lr_all': 0.005, 'reg_all': 0.05, 'n_epochs': 30}",50,0.005,0.05,30
3.1735488848656646,3.1707264179171846,3.1763394321161256,3.1735382449663248,0.0022915158018179138,204,11.164247512817383,0.5127938049956391,2.145587682723999,0.11021295507800477,"{'n_factors': 50, 'lr_all': 0.005, 'reg_all': 0.05, 'n_epochs': 40}",50,0.005,0.05,40
3.1761670151845665,3.1798613181117865,3.184458799645844,3.180162377647399,0.0033917940209726096,212,14.040602048238119,0.4979618822178555,2.38816237449646,0.3167560025673375,"{'n_factors': 50, 'lr_all': 0.005, 'reg_all': 0.05, 'n_epochs': 50}",50,0.005,0.05,50
3.1199580098015898,3.1211497180266674,3.1217233992704156,3.120943709032891,0.0007352912227128871,160,6.185425599416097,0.14780392601787698,2.0772743225097656,0.12253254901289433,"{'n_factors': 50, 'lr_all': 0.005, 'reg_all': 0.1, 'n_epochs': 20}",50,0.005,0.1,20
3.1413488192128374,3.1449850318719386,3.1477384904205894,3.1446907805017883,0.0026168572037745604,191,8.539783875147501,0.6543938865323037,2.074191172917684,0.11819726449608359,"{'n_factors': 50, 'lr_all': 0.005, 'reg_all': 0.1, 'n_epochs': 30}",50,0.005,0.1,30
3.1517052735301148,3.1528635663691187,3.1561618528508126,3.1535768975833487,0.0018880158679266304,198,11.51639723777771,0.518127415427078,2.1975878874460855,0.08294482301496357,"{'n_factors': 50, 'lr_all': 0.005, 'reg_all': 0.1, 'n_epochs': 40}",50,0.005,0.1,40
3.16190786336785,3.167480670039708,3.1648062314601177,3.164731588289225,0.002275700954680006,201,13.641533533732096,0.33079645223824333,2.043057998021444,0.038204841998051645,"{'n_factors': 50, 'lr_all': 0.005, 'reg_all': 0.1, 'n_epochs': 50}",50,0.005,0.1,50
3.1953468942361147,3.2102291092972286,3.207200082710766,3.204258695414703,0.006421780682458276,227,5.7688829104105634,0.19498113071851536,2.1917923291524253,0.09675777443019654,"{'n_factors': 50, 'lr_all': 0.01, 'reg_all': 0.02, 'n_epochs': 20}",50,0.01,0.02,20
3.1995366498836924,3.2043217408772784,3.2053610344023045,3.2030731417210916,0.002536416585760921,226,7.968371470769246,0.21419288958958324,1.9305205345153809,0.027369907798916387,"{'n_factors': 50, 'lr_all': 0.01, 'reg_all': 0.02, 'n_epochs': 30}",50,0.01,0.02,30
3.2017601353950886,3.2167311414322883,3.215152565511411,3.2112146141129294,0.0067163160216530205,232,12.110445499420166,0.35900664464422555,2.053627332051595,0.008561603664968656,"{'n_factors': 50, 'lr_all': 0.01, 'reg_all': 0.02, 'n_epochs': 40}",50,0.01,0.02,40
3.2053505280933727,3.2063029733681776,3.2069700955512848,3.206207865670945,0.0006645970173654461,230,14.187248706817627,0.2823051811643467,2.2059192657470703,0.15171047158706785,"{'n_factors': 50, 'lr_all': 0.01, 'reg_all': 0.02, 'n_epochs': 50}",50,0.01,0.02,50
3.175580028899345,3.1787656243915072,3.174070872789738,3.1761388420268637,0.001956932503382665,208,5.987788041432698,0.13313400149947344,2.2272438208262124,0.1348331312245943,"{'n_factors': 50, 'lr_all': 0.01, 'reg_all': 0.05, 'n_epochs': 20}",50,0.01,0.05,20
3.1834837576220574,3.1848393175237875,3.186635808576432,3.184986294574092,0.0012910094228240129,215,8.335975964864096,0.42711179076442235,2.2998647689819336,0.06954545332846265,"{'n_factors': 50, 'lr_all': 0.01, 'reg_all': 0.05, 'n_epochs': 30}",50,0.01,0.05,30
3.183824268087854,3.189579759675137,3.192573321296728,3.1886591163532394,0.003630626310298095,216,11.473331451416016,0.04886502380513208,2.23702335357666,0.14768375695027372,"{'n_factors': 50, 'lr_all': 0.01, 'reg_all': 0.05, 'n_epochs': 40}",50,0.01,0.05,40
3.187863419793624,3.1960542544871564,3.1966850950789656,3.193534256453249,0.004018148933541078,219,13.952915032704672,0.16072079338331,2.169606606165568,0.05313259750162233,"{'n_factors': 50, 'lr_all': 0.01, 'reg_all': 0.05, 'n_epochs': 50}",50,0.01,0.05,50
3.1527208046216626,3.161820949543296,3.159441653183479,3.157994469116146,0.0038534759799640633,199,5.714612325032552,0.19710878611629445,2.30725359916687,0.07646333321670218,"{'n_factors': 50, 'lr_all': 0.01, 'reg_all': 0.1, 'n_epochs': 20}",50,0.01,0.1,20
3.168440169375007,3.169241589228322,3.1780366262611235,3.171906128288151,0.004347246062569463,203,8.601224740346273,0.2819292999415766,2.2967376708984375,0.14383450521207833,"{'n_factors': 50, 'lr_all': 0.01, 'reg_all': 0.1, 'n_epochs': 30}",50,0.01,0.1,30
3.1799282237991267,3.183002492988734,3.181776897944535,3.1815692049107986,0.0012636283893980697,213,11.074055830637613,0.36459247610791573,2.229766368865967,0.18056438881322526,"{'n_factors': 50, 'lr_all': 0.01, 'reg_all': 0.1, 'n_epochs': 40}",50,0.01,0.1,40
3.1912554184423776,3.19114980823637,3.1958467191626263,3.192750648613791,0.0021896769946616566,217,13.991530338923136,0.2237336324658427,2.139242251714071,0.06305040096438373,"{'n_factors': 50, 'lr_all': 0.01, 'reg_all': 0.1, 'n_epochs': 50}",50,0.01,0.1,50
8.766815778853381,8.771071235837816,8.762301968554675,8.766729661081959,0.0035805562299458427,286,5.89271092414856,0.11284453535634822,2.100428819656372,0.07591744343533331,"{'n_factors': 50, 'lr_all': 0.05, 'reg_all': 0.02, 'n_epochs': 20}",50,0.05,0.02,20
8.766815778853381,8.771071252703878,8.762301968554675,8.766729666703979,0.0035805630468844062,287,8.576997518539429,0.1856979550462668,2.129284381866455,0.04108184299966437,"{'n_factors': 50, 'lr_all': 0.05, 'reg_all': 0.02, 'n_epochs': 30}",50,0.05,0.02,30
8.766815778853381,8.771071274438563,8.762301968554675,8.766729673948873,0.0035805718316337404,288,11.618359327316284,0.345746919826403,2.3185924688975015,0.1662297036980096,"{'n_factors': 50, 'lr_all': 0.05, 'reg_all': 0.02, 'n_epochs': 40}",50,0.05,0.02,40
8.766815778853381,8.771071221186103,8.762301968554675,8.766729656198052,0.0035805503080086638,285,14.186537106831869,0.12844098075764482,2.430838664372762,0.031104174851416946,"{'n_factors': 50, 'lr_all': 0.05, 'reg_all': 0.02, 'n_epochs': 50}",50,0.05,0.02,50
3.247651513151189,3.250966410204515,3.2533866514911325,3.250668191615612,0.0023508372536393584,246,5.716161330540975,0.1217361359605138,2.2570133209228516,0.10405726255294047,"{'n_factors': 50, 'lr_all': 0.05, 'reg_all': 0.05, 'n_epochs': 20}",50,0.05,0.05,20
3.2673860651546875,3.2699647686603415,3.2805637806455787,3.2726382048202027,0.0057022505536766304,254,8.7975701491038,0.3998708040058548,2.2293335596720376,0.07256328752155752,"{'n_factors': 50, 'lr_all': 0.05, 'reg_all': 0.05, 'n_epochs': 30}",50,0.05,0.05,30
3.2935326723420664,3.2906344202018336,3.29829201747652,3.2941530366734733,0.003156827303172362,256,11.539852460225424,0.3175933204510534,2.2992655436197915,0.09603858101029213,"{'n_factors': 50, 'lr_all': 0.05, 'reg_all': 0.05, 'n_epochs': 40}",50,0.05,0.05,40
3.2974393999900937,3.3053480242268756,3.3140778919151557,3.3056217720440415,0.0067953933801088275,258,14.08291212717692,0.3657112763918475,2.284219980239868,0.12230687536739816,"{'n_factors': 50, 'lr_all': 0.05, 'reg_all': 0.05, 'n_epochs': 50}",50,0.05,0.05,50
3.2702593943661027,3.2725172111996583,3.2811810282456606,3.274652544603807,0.004707459202155117,255,5.930079380671184,0.19866935956215923,2.1417558193206787,0.1541436212885696,"{'n_factors': 50, 'lr_all': 0.05, 'reg_all': 0.1, 'n_epochs': 20}",50,0.05,0.1,20
3.2958408753677277,3.296203289781774,3.3069251958963197,3.2996564536819406,0.005141906007581334,257,8.259850104649862,0.13463871759899185,2.2567621866861978,0.20706113171798393,"{'n_factors': 50, 'lr_all': 0.05, 'reg_all': 0.1, 'n_epochs': 30}",50,0.05,0.1,30
3.3129586981153274,3.3121600855480464,3.3241226468055687,3.3164138101563143,0.005460712247306328,259,11.810577789942423,0.24719514817463456,2.3851521809895835,0.10401020095338631,"{'n_factors': 50, 'lr_all': 0.05, 'reg_all': 0.1, 'n_epochs': 40}",50,0.05,0.1,40
3.3168797202912517,3.319301939277339,3.3313588275692414,3.322513495712611,0.006332282787146383,260,14.717475652694702,0.10965650751154207,2.1328423817952475,0.1268583998076524,"{'n_factors': 50, 'lr_all': 0.05, 'reg_all': 0.1, 'n_epochs': 50}",50,0.05,0.1,50
3.07138599035119,3.080434114773511,3.0767701923963617,3.076196765840354,0.0037160689266840918,20,8.885681629180908,0.5555663944030496,2.204763730367025,0.14439105095507657,"{'n_factors': 100, 'lr_all': 0.002, 'reg_all': 0.02, 'n_epochs': 20}",100,0.002,0.02,20
3.1061132896947043,3.114302836490084,3.114406363796294,3.1116074966603606,0.003885220895640701,140,14.110387643178305,0.7200170652508509,2.566617409388224,0.29061973501136085,"{'n_factors': 100, 'lr_all': 0.002, 'reg_all': 0.02, 'n_epochs': 30}",100,0.002,0.02,30
3.127455864547367,3.1328477920021713,3.130454279504786,3.1302526453514417,0.0022058577573232387,172,18.925589481989544,0.16440379759006285,2.7014787197113037,0.08166064949060758,"{'n_factors': 100, 'lr_all': 0.002, 'reg_all': 0.02, 'n_epochs': 40}",100,0.002,0.02,40
3.135720893717871,3.136827071861736,3.1460191398709476,3.1395223684835183,0.004616054330044428,188,23.625670353571575,0.7450317717386002,2.3166898091634116,0.1085848271352781,"{'n_factors': 100, 'lr_all': 0.002, 'reg_all': 0.02, 'n_epochs': 50}",100,0.002,0.02,50
3.0609198662091024,3.0648515128668166,3.0642173793916796,3.0633295861558665,0.0017234836779897844,8,10.025203466415405,0.3160939104069067,2.619542678197225,0.28362022661425307,"{'n_factors': 100, 'lr_all': 0.002, 'reg_all': 0.05, 'n_epochs': 20}",100,0.002,0.05,20
3.0860731752057973,3.092393137837143,3.094384667062216,3.090950326701719,0.0035432096747823245,43,12.69324771563212,0.22498583049962095,2.2645785013834634,0.10812415121916219,"{'n_factors': 100, 'lr_all': 0.002, 'reg_all': 0.05, 'n_epochs': 30}",100,0.002,0.05,30
3.1035414807810127,3.1070844698913582,3.1136834480397924,3.1081031329040543,0.004202628599627958,128,16.503584623336792,0.1093983588657403,2.29986564318339,0.11167839336993486,"{'n_factors': 100, 'lr_all': 0.002, 'reg_all': 0.05, 'n_epochs': 40}",100,0.002,0.05,40
3.1129362365783626,3.120308825200768,3.1161823575643353,3.1164758064478217,0.003016990767218145,151,21.65070430437724,0.13305536232057247,2.372663895289103,0.16738863557634387,"{'n_factors': 100, 'lr_all': 0.002, 'reg_all': 0.05, 'n_epochs': 50}",100,0.002,0.05,50
3.0510228362746505,3.0572946507694887,3.0571049557671173,3.0551408142704193,0.002912879803986092,2,8.694407304128012,0.16417338765915657,2.256394942601522,0.06340744638449462,"{'n_factors': 100, 'lr_all': 0.002, 'reg_all': 0.1, 'n_epochs': 20}",100,0.002,0.1,20
3.069442331262405,3.0774062392127446,3.0763569613235737,3.074401843932908,0.0035329704658482054,18,12.534305572509766,0.5889612192333574,2.220943053563436,0.0790255797766596,"{'n_factors': 100, 'lr_all': 0.002, 'reg_all': 0.1, 'n_epochs': 30}",100,0.002,0.1,30
3.0886778432807493,3.0954589650269453,3.0934022709213997,3.0925130264096983,0.0028388929632724154,54,16.34424614906311,0.28161512467747674,2.1025511423746743,0.1146368031398572,"{'n_factors': 100, 'lr_all': 0.002, 'reg_all': 0.1, 'n_epochs': 40}",100,0.002,0.1,40
3.09958413407095,3.1006039226169633,3.103600049558207,3.1012627020820402,0.0017043839723690642,91,19.902574062347412,0.05750449957797304,2.223419109980265,0.02346061120270782,"{'n_factors': 100, 'lr_all': 0.002, 'reg_all': 0.1, 'n_epochs': 50}",100,0.002,0.1,50
3.1360048336683137,3.1328781746448096,3.1341003992963024,3.1343278025364754,0.0012865414457751594,180,8.350009202957153,0.1707522166113597,2.203906774520874,0.13891739362421568,"{'n_factors': 100, 'lr_all': 0.005, 'reg_all': 0.02, 'n_epochs': 20}",100,0.005,0.02,20
3.1314150770736657,3.1381857689554313,3.143518520676844,3.1377064555686474,0.004952820257583411,187,12.255846897761026,0.10663411789889131,2.262591520945231,0.055614737347348404,"{'n_factors': 100, 'lr_all': 0.005, 'reg_all': 0.02, 'n_epochs': 30}",100,0.005,0.02,30
3.1363072067253346,3.1389547896545023,3.1361783818674676,3.1371467927491015,0.0012795281860788206,185,16.6378808816274,0.5096876598908736,2.0895943641662598,0.011898773625828278,"{'n_factors': 100, 'lr_all': 0.005, 'reg_all': 0.02, 'n_epochs': 40}",100,0.005,0.02,40
3.1358188844319113,3.1371163928734664,3.1376307868324433,3.136855354712607,0.0007623880325801451,184,19.809574604034424,0.32259531253154283,2.246253252029419,0.10490484991524669,"{'n_factors': 100, 'lr_all': 0.005, 'reg_all': 0.02, 'n_epochs': 50}",100,0.005,0.02,50
3.1136024415104266,3.1188819690853884,3.1146428629469796,3.1157090911809315,0.0022834162766715185,150,8.41968552271525,0.35773830092110753,2.2907704512278237,0.07722788614045903,"{'n_factors': 100, 'lr_all': 0.005, 'reg_all': 0.05, 'n_epochs': 20}",100,0.005,0.05,20
3.116887966282829,3.1271860548613217,3.1257835817395927,3.123285867627915,0.004560086909287124,162,12.37106458346049,0.25095641125072154,2.189253807067871,0.1945509648412623,"{'n_factors': 100, 'lr_all': 0.005, 'reg_all': 0.05, 'n_epochs': 30}",100,0.005,0.05,30
3.1216739362832286,3.125210731867487,3.128872032459484,3.125252233536733,0.0029387569857642942,167,16.412286917368572,0.39291829625404806,2.191479762395223,0.12565031494880505,"{'n_factors': 100, 'lr_all': 0.005, 'reg_all': 0.05, 'n_epochs': 40}",100,0.005,0.05,40
3.1238937605957457,3.126171251885222,3.1280909801482784,3.126051997543082,0.0017155813769934099,168,20.51149320602417,0.1651859519626768,2.3823752403259277,0.09255554625617127,"{'n_factors': 100, 'lr_all': 0.005, 'reg_all': 0.05, 'n_epochs': 50}",100,0.005,0.05,50
3.0973527834236827,3.0978340510267044,3.102380024066932,3.0991889528391066,0.002264965976524809,83,8.535290320714315,0.059460859267829076,2.2414351304372153,0.05520868423960965,"{'n_factors': 100, 'lr_all': 0.005, 'reg_all': 0.1, 'n_epochs': 20}",100,0.005,0.1,20
3.108270079193456,3.1113181887610053,3.1125656156925645,3.1107179612156752,0.0018042751607267537,135,12.24946657816569,0.3191455767705708,2.1818719704945884,0.16217293554134393,"{'n_factors': 100, 'lr_all': 0.005, 'reg_all': 0.1, 'n_epochs': 30}",100,0.005,0.1,30
3.11749145960612,3.1167991930094057,3.123964795749331,3.1194184827882854,0.0032271276614618243,158,16.537835677464802,0.1706745122179308,2.3330458799997964,0.01657959260084371,"{'n_factors': 100, 'lr_all': 0.005, 'reg_all': 0.1, 'n_epochs': 40}",100,0.005,0.1,40
3.1237790957788616,3.1234988156362875,3.125613495915493,3.1242971357768803,0.0009378138587431238,165,20.695775190989178,0.3172498546138135,2.176476796468099,0.10213682736869518,"{'n_factors': 100, 'lr_all': 0.005, 'reg_all': 0.1, 'n_epochs': 50}",100,0.005,0.1,50
3.1314802455965616,3.1416938531037895,3.139227333928988,3.1374671442097797,0.0043514859886120485,186,8.72339685757955,0.016820084017568116,2.3558793862660727,0.040731875918172344,"{'n_factors': 100, 'lr_all': 0.01, 'reg_all': 0.02, 'n_epochs': 20}",100,0.01,0.02,20
3.1335314194864576,3.1355842552691757,3.136981718226265,3.135365797660633,0.0014170234398266045,181,12.710679213205973,0.10552192821940484,2.336711804072062,0.049001349245185025,"{'n_factors': 100, 'lr_all': 0.01, 'reg_all': 0.02, 'n_epochs': 30}",100,0.01,0.02,30
3.1289756971005613,3.1356468225127165,3.137558270702095,3.134060263438458,0.0036790415127240165,178,16.75796715418498,0.04279401285225487,2.222543954849243,0.05747669138359321,"{'n_factors': 100, 'lr_all': 0.01, 'reg_all': 0.02, 'n_epochs': 40}",100,0.01,0.02,40
3.1299079292893097,3.131966342884507,3.137293828278397,3.133056033484071,0.0031121744993208755,177,20.386766990025837,0.44285389120795077,2.2587687969207764,0.08740854989343223,"{'n_factors': 100, 'lr_all': 0.01, 'reg_all': 0.02, 'n_epochs': 50}",100,0.01,0.02,50
3.118797943927625,3.127853815272962,3.1244335308800153,3.123695096693534,0.00373373497020933,164,8.583857854207357,0.4878887369881646,2.1761764685312905,0.04823407821385621,"{'n_factors': 100, 'lr_all': 0.01, 'reg_all': 0.05, 'n_epochs': 20}",100,0.01,0.05,20
3.1226650586304796,3.1286152619754106,3.131745090961377,3.127675137189089,0.003766043258994599,170,12.465599139531454,0.11315821677026179,2.1612908045450845,0.17132769727941755,"{'n_factors': 100, 'lr_all': 0.01, 'reg_all': 0.05, 'n_epochs': 30}",100,0.01,0.05,30
3.1285396207900074,3.129292735183015,3.133490361979977,3.130440905984333,0.0021781003534067506,173,16.6226540406545,0.09332513163473813,2.268617868423462,0.029398209770917717,"{'n_factors': 100, 'lr_all': 0.01, 'reg_all': 0.05, 'n_epochs': 40}",100,0.01,0.05,40
3.13650588296426,3.1323707356171555,3.1394453483545552,3.136107322311991,0.0029019159522859963,182,20.657311995824177,0.1698445762544004,2.2916575272878013,0.10925679360843449,"{'n_factors': 100, 'lr_all': 0.01, 'reg_all': 0.05, 'n_epochs': 50}",100,0.01,0.05,50
3.114557358872516,3.116653616381248,3.1206215120765743,3.1172774957767797,0.0025146779310942554,153,8.521391789118448,0.04079568074843867,2.2656795978546143,0.11209582368395186,"{'n_factors': 100, 'lr_all': 0.01, 'reg_all': 0.1, 'n_epochs': 20}",100,0.01,0.1,20
3.1252364831650286,3.131137638279519,3.1354102047526684,3.130594775399072,0.004171105194543977,174,12.604404131571451,0.18236147431723906,2.2471795082092285,0.1068413844862581,"{'n_factors': 100, 'lr_all': 0.01, 'reg_all': 0.1, 'n_epochs': 30}",100,0.01,0.1,30
3.1370001577920963,3.1408876716243825,3.145108041157669,3.140998623524716,0.0033109591672276,189,16.57602341969808,0.18109470939845035,2.2570525805155435,0.12251667293192438,"{'n_factors': 100, 'lr_all': 0.01, 'reg_all': 0.1, 'n_epochs': 40}",100,0.01,0.1,40
3.1513191941512977,3.1515289003165123,3.153831724109368,3.152226606192393,0.0011382140438653367,196,20.889758189519245,0.5816081333587606,2.126670757929484,0.009146403989949054,"{'n_factors': 100, 'lr_all': 0.01, 'reg_all': 0.1, 'n_epochs': 50}",100,0.01,0.1,50
8.766815778853381,8.77107097078987,8.762301968554675,8.766729572732642,0.00358044910326905,281,8.480282545089722,0.19350972562329974,2.293924570083618,0.1090842908361192,"{'n_factors': 100, 'lr_all': 0.05, 'reg_all': 0.02, 'n_epochs': 20}",100,0.05,0.02,20
8.766815778853381,8.771071220331406,8.762301968554675,8.766729655913153,0.0035805499625566157,284,12.978994131088257,0.5856470780969611,2.29206116994222,0.0759082066766791,"{'n_factors': 100, 'lr_all': 0.05, 'reg_all': 0.02, 'n_epochs': 30}",100,0.05,0.02,30
8.766815778853381,8.77107100131443,8.762301968554675,8.766729582907494,0.0035804614405808215,283,16.356000026067097,0.15229541954417275,2.246668497721354,0.051107416266821276,"{'n_factors': 100, 'lr_all': 0.05, 'reg_all': 0.02, 'n_epochs': 40}",100,0.05,0.02,40
8.766815778853381,8.771070872319912,8.762301968554675,8.766729539909322,0.0035804093041252563,275,20.609492381413776,0.3946820433658618,2.282766103744507,0.06384148920227908,"{'n_factors': 100, 'lr_all': 0.05, 'reg_all': 0.02, 'n_epochs': 50}",100,0.05,0.02,50
3.1684115170956275,3.1740409405549723,3.181651136836934,3.174701198162511,0.00542517820320718,207,9.078934987386068,0.13196050846089993,2.336872180302938,0.02625217229739232,"{'n_factors': 100, 'lr_all': 0.05, 'reg_all': 0.05, 'n_epochs': 20}",100,0.05,0.05,20
3.1949867421522598,3.198486961495324,3.2062125133564066,3.1998954056679967,0.004689866453152979,222,12.625258127848307,0.7060024914961285,2.097438176472982,0.025776467763528824,"{'n_factors': 100, 'lr_all': 0.05, 'reg_all': 0.05, 'n_epochs': 30}",100,0.05,0.05,30
3.22050919635808,3.2228787207806433,3.2292959762765068,3.2242279644717438,0.0037118925305202016,235,16.975849707921345,0.5085795523377655,2.2621500492095947,0.134533051176221,"{'n_factors': 100, 'lr_all': 0.05, 'reg_all': 0.05, 'n_epochs': 40}",100,0.05,0.05,40
3.238629454187477,3.236570534170927,3.2438610295716828,3.239687005976696,0.003068837199686541,241,20.815755049387615,0.7279754374608396,2.2491182486216226,0.05506642251919128,"{'n_factors': 100, 'lr_all': 0.05, 'reg_all': 0.05, 'n_epochs': 50}",100,0.05,0.05,50
3.2148862118639654,3.2150979392983134,3.22177362676431,3.2172525926421964,0.0031980222301292572,233,8.73687775929769,0.027188859432889904,2.1963895161946616,0.10153354921447046,"{'n_factors': 100, 'lr_all': 0.05, 'reg_all': 0.1, 'n_epochs': 20}",100,0.05,0.1,20
3.2484446110663403,3.2466819934695565,3.2519936781939824,3.249040094243293,0.0022089890317292483,245,12.41202179590861,0.18509786581703055,2.342796564102173,0.050896977137442435,"{'n_factors': 100, 'lr_all': 0.05, 'reg_all': 0.1, 'n_epochs': 30}",100,0.05,0.1,30
3.2587341253208097,3.257727781170244,3.26937070893396,3.261944205141672,0.005267377656861304,252,17.062622785568237,0.5823663934814359,2.3710036277770996,0.07608956970540498,"{'n_factors': 100, 'lr_all': 0.05, 'reg_all': 0.1, 'n_epochs': 40}",100,0.05,0.1,40
3.271268466912342,3.266290654227612,3.2787335883654833,3.2720975698351453,0.005113525283161866,253,21.08303626378377,0.23264205209673772,2.3493932088216147,0.15517971761204766,"{'n_factors': 100, 'lr_all': 0.05, 'reg_all': 0.1, 'n_epochs': 50}",100,0.05,0.1,50
3.0767191787033443,3.0813565622757717,3.0826425120982357,3.0802394176924506,0.0025439442658716197,21,11.695361057917276,0.3694052599106431,2.4848382472991943,0.03151164924732153,"{'n_factors': 150, 'lr_all': 0.002, 'reg_all': 0.02, 'n_epochs': 20}",150,0.002,0.02,20
3.1028852962884006,3.1068040575700104,3.1041024068333436,3.1045972535639184,0.00163764616866839,111,16.177157719930012,0.07603370675187816,2.384521722793579,0.04423004463324012,"{'n_factors': 150, 'lr_all': 0.002, 'reg_all': 0.02, 'n_epochs': 30}",150,0.002,0.02,30
3.1097930490940318,3.1154035709238297,3.116173795171479,3.1137901383964466,0.0028438065471626645,147,21.69413685798645,0.30037682894078427,2.2809022267659507,0.10506785630028743,"{'n_factors': 150, 'lr_all': 0.002, 'reg_all': 0.02, 'n_epochs': 40}",150,0.002,0.02,40
3.1106191979375337,3.118445985661107,3.117022914869701,3.115362699489447,0.003404104174776093,149,26.85237193107605,0.2547667084874077,2.2371696631113687,0.025969901376508946,"{'n_factors': 150, 'lr_all': 0.002, 'reg_all': 0.02, 'n_epochs': 50}",150,0.002,0.02,50
3.0628963661027413,3.0685776470759603,3.0685381282506947,3.066670713809799,0.0026689156218353332,10,11.130921284357706,0.07679792409232993,2.330657720565796,0.07965150995531882,"{'n_factors': 150, 'lr_all': 0.002, 'reg_all': 0.05, 'n_epochs': 20}",150,0.002,0.05,20
3.0871051435486088,3.0874188621380636,3.089159045952911,3.0878943505465277,0.0009033993917558368,37,16.502690076828003,0.3192208078379318,2.441954771677653,0.0784019269876936,"{'n_factors': 150, 'lr_all': 0.002, 'reg_all': 0.05, 'n_epochs': 30}",150,0.002,0.05,30
3.097615722142534,3.0995143752589205,3.1000946108709573,3.0990749027574704,0.001058638871892887,82,21.88928723335266,0.1745721736844448,2.2917466163635254,0.02933235004628811,"{'n_factors': 150, 'lr_all': 0.002, 'reg_all': 0.05, 'n_epochs': 40}",150,0.002,0.05,40
3.09852839583842,3.102071960212082,3.1041725931895905,3.101590983080031,0.002329198028779635,95,27.052415529886883,0.3899842885454356,2.3051594893137612,0.12177548800859644,"{'n_factors': 150, 'lr_all': 0.002, 'reg_all': 0.05, 'n_epochs': 50}",150,0.002,0.05,50
3.054045395455893,3.05791723024327,3.0581347116519235,3.056699112450362,0.0018785606113598142,3,11.6962939898173,0.12115955248462498,2.234593311945597,0.04086202786195078,"{'n_factors': 150, 'lr_all': 0.002, 'reg_all': 0.1, 'n_epochs': 20}",150,0.002,0.1,20
3.068254319097015,3.0780135801242374,3.0754523752854386,3.073906758168897,0.004131383396440386,17,16.710120995839436,0.3986897724018747,2.2409923871358237,0.10757747712192037,"{'n_factors': 150, 'lr_all': 0.002, 'reg_all': 0.1, 'n_epochs': 30}",150,0.002,0.1,30
3.0875788550883945,3.0855427687625236,3.0864384633799227,3.086520029076947,0.0008332273014401399,34,21.799933513005573,0.1440684559885945,2.301860968271891,0.07535247475770947,"{'n_factors': 150, 'lr_all': 0.002, 'reg_all': 0.1, 'n_epochs': 40}",150,0.002,0.1,40
3.087851500036587,3.0923307556710697,3.092813524493664,3.0909985934004403,0.0022340417654443433,44,26.752819856007893,0.2503402137129037,2.3872311115264893,0.03808359458799196,"{'n_factors': 150, 'lr_all': 0.002, 'reg_all': 0.1, 'n_epochs': 50}",150,0.002,0.1,50
3.113576352129371,3.120869806020049,3.119506311349975,3.1179841564997983,0.0031661052788136807,154,11.579187870025635,0.18062602557886326,2.2228233019510903,0.05980759359043421,"{'n_factors': 150, 'lr_all': 0.005, 'reg_all': 0.02, 'n_epochs': 20}",150,0.005,0.02,20
3.1132270927010626,3.117685052095372,3.1208516751436197,3.1172546066466844,0.003127568471838709,152,16.560311396916706,0.059549067206850693,2.287464221318563,0.08477195584334282,"{'n_factors': 150, 'lr_all': 0.005, 'reg_all': 0.02, 'n_epochs': 30}",150,0.005,0.02,30
3.109827069324573,3.1160497512683025,3.1149566393456216,3.113611153312832,0.002712709855664387,146,21.98035701115926,0.4600796094832077,2.294111410776774,0.12229199150895809,"{'n_factors': 150, 'lr_all': 0.005, 'reg_all': 0.02, 'n_epochs': 40}",150,0.005,0.02,40
3.1082873934593342,3.1133388957893855,3.113167610756503,3.1115979666684077,0.002341972938940996,139,26.621086359024048,0.2399311280417265,2.3559704621632895,0.11999086655951027,"{'n_factors': 150, 'lr_all': 0.005, 'reg_all': 0.02, 'n_epochs': 50}",150,0.005,0.02,50
3.099948037584141,3.102284574852613,3.1020071463862218,3.101413252940992,0.0010422359521576325,92,11.571719328562418,0.36347514935871506,2.2545364697774253,0.12451192950634488,"{'n_factors': 150, 'lr_all': 0.005, 'reg_all': 0.05, 'n_epochs': 20}",150,0.005,0.05,20
3.102932896059389,3.1031096501748223,3.1063697851715664,3.104137443801926,0.0015801522072861533,106,16.603963295618694,0.3411361140626594,2.3235205014546714,0.11429536969249349,"{'n_factors': 150, 'lr_all': 0.005, 'reg_all': 0.05, 'n_epochs': 30}",150,0.005,0.05,30
3.0997422967503168,3.1077135176446484,3.1070949967429975,3.104850270379321,0.0036206986409067525,113,21.779580513636272,0.5671025877706591,2.3102123737335205,0.07268959923021799,"{'n_factors': 150, 'lr_all': 0.005, 'reg_all': 0.05, 'n_epochs': 40}",150,0.005,0.05,40
3.104320976116215,3.1075574509378563,3.109546069642695,3.107141498898922,0.0021533172338102477,125,27.331633806228638,0.48259795954561263,2.421480178833008,0.05122038887015611,"{'n_factors': 150, 'lr_all': 0.005, 'reg_all': 0.05, 'n_epochs': 50}",150,0.005,0.05,50
3.0877430850875,3.0921095831117205,3.092855351458857,3.090902673219359,0.0022548156582651796,42,11.748867432276407,0.09490278720523965,2.33964737256368,0.1359320100256531,"{'n_factors': 150, 'lr_all': 0.005, 'reg_all': 0.1, 'n_epochs': 20}",150,0.005,0.1,20
3.0923033700163276,3.0994959591363256,3.1017901229523863,3.0978631507016794,0.004041383249634742,72,17.05226747194926,0.36669703207084536,2.4048479398091636,0.02711775232967001,"{'n_factors': 150, 'lr_all': 0.005, 'reg_all': 0.1, 'n_epochs': 30}",150,0.005,0.1,30
3.1020715636413634,3.104878124264057,3.10760535552411,3.104851681143177,0.002259238452719527,114,22.084416389465332,0.07324553799369742,2.2419156233469644,0.15134265733408855,"{'n_factors': 150, 'lr_all': 0.005, 'reg_all': 0.1, 'n_epochs': 40}",150,0.005,0.1,40
3.1049032927116618,3.110246017073194,3.113625811328774,3.1095917070378767,0.0035908841968893424,134,27.35145115852356,0.24961386766355226,2.277724583943685,0.12822689746441132,"{'n_factors': 150, 'lr_all': 0.005, 'reg_all': 0.1, 'n_epochs': 50}",150,0.005,0.1,50
3.106382583565552,3.1109683905100987,3.1152618760575206,3.11087095004439,0.0036256107322538214,138,11.708671808242798,0.17082116670357697,2.2634435494740806,0.041368611887103585,"{'n_factors': 150, 'lr_all': 0.01, 'reg_all': 0.02, 'n_epochs': 20}",150,0.01,0.02,20
3.105785601899184,3.1096804563295257,3.113084026574649,3.109516694934453,0.002981818687953871,133,16.56866916020711,0.05835634245469598,2.3404997984568277,0.0004388267078909037,"{'n_factors': 150, 'lr_all': 0.01, 'reg_all': 0.02, 'n_epochs': 30}",150,0.01,0.02,30
3.108542482632432,3.1123495937077865,3.1112667519260113,3.110719609422077,0.0016016756589543708,136,22.16184918085734,0.4344477199015531,2.279702107111613,0.06879401072859666,"{'n_factors': 150, 'lr_all': 0.01, 'reg_all': 0.02, 'n_epochs': 40}",150,0.01,0.02,40
3.107380049001397,3.113644004343339,3.1147076639875766,3.1119105724441045,0.00323285992668859,143,27.41207480430603,0.6689657493720914,2.4358085791269937,0.1347822428814391,"{'n_factors': 150, 'lr_all': 0.01, 'reg_all': 0.02, 'n_epochs': 50}",150,0.01,0.02,50
3.101521076195086,3.1055609400515913,3.1059760307352775,3.104352682327318,0.002009406219921986,109,11.778110901514689,0.020796725563110307,2.311457316080729,0.05937757785889462,"{'n_factors': 150, 'lr_all': 0.01, 'reg_all': 0.05, 'n_epochs': 20}",150,0.01,0.05,20
3.1033957284374036,3.108512994768997,3.108079403922553,3.106662709042985,0.002316876052426614,123,16.87620258331299,0.1898466378177256,2.321629603703817,0.13051908903703519,"{'n_factors': 150, 'lr_all': 0.01, 'reg_all': 0.05, 'n_epochs': 30}",150,0.01,0.05,30
3.1084196131154824,3.1154196557640947,3.1180797123770185,3.1139729937521987,0.0040742281615196935,148,22.215843836466473,0.18153183164140083,2.3476314544677734,0.1508920402204538,"{'n_factors': 150, 'lr_all': 0.01, 'reg_all': 0.05, 'n_epochs': 40}",150,0.01,0.05,40
3.1178260444134347,3.117762246758079,3.119436501620424,3.1183415975973126,0.0007746520294415012,155,27.224972009658813,0.0815753361892662,2.3383546670277915,0.03409738138201208,"{'n_factors': 150, 'lr_all': 0.01, 'reg_all': 0.05, 'n_epochs': 50}",150,0.01,0.05,50
3.0997255405976407,3.105812433930891,3.1099441028825576,3.1051606924703634,0.004197088593395018,116,11.547629515329996,0.2147532017020474,2.378763755162557,0.1401809240085718,"{'n_factors': 150, 'lr_all': 0.01, 'reg_all': 0.1, 'n_epochs': 20}",150,0.01,0.1,20
3.1143215466284957,3.1171349767934275,3.125235459001532,3.1188973274744853,0.004626574021443652,157,16.9340562025706,0.3768547640965033,2.3023107051849365,0.15979500881524664,"{'n_factors': 150, 'lr_all': 0.01, 'reg_all': 0.1, 'n_epochs': 30}",150,0.01,0.1,30
3.123481264565534,3.1261498598329225,3.130776968416867,3.126802697605108,0.0030140196348822637,169,22.09679905573527,0.5365618021229119,2.29211417833964,0.10356843772167452,"{'n_factors': 150, 'lr_all': 0.01, 'reg_all': 0.1, 'n_epochs': 40}",150,0.01,0.1,40
3.134130936040538,3.137957888208127,3.1373707662142327,3.1364865301542992,0.0016828142659484004,183,27.63723921775818,0.3302868547148673,2.4207966327667236,0.054450771067452906,"{'n_factors': 150, 'lr_all': 0.01, 'reg_all': 0.1, 'n_epochs': 50}",150,0.01,0.1,50
8.766815778853381,8.771070849150275,8.762301968554675,8.76672953218611,0.003580399939548978,273,12.009631951649984,0.11973715805975876,2.316523710886637,0.16012635463861336,"{'n_factors': 150, 'lr_all': 0.05, 'reg_all': 0.02, 'n_epochs': 20}",150,0.05,0.02,20
8.766815778853381,8.771070930666566,8.762301968554675,8.766729559358206,0.0035804328863936474,278,16.813052256902058,0.14337867363691656,2.3738903999328613,0.1304254985199763,"{'n_factors': 150, 'lr_all': 0.05, 'reg_all': 0.02, 'n_epochs': 30}",150,0.05,0.02,30
8.766815778853381,8.771070980769448,8.762301968554675,8.766729576059168,0.0035804531367788434,282,22.22710609436035,0.26242780070588867,2.358848969141642,0.13784660157725073,"{'n_factors': 150, 'lr_all': 0.05, 'reg_all': 0.02, 'n_epochs': 40}",150,0.05,0.02,40
8.766815778853381,8.771070963321959,8.762301968554675,8.766729570243337,0.003580446084916948,280,27.047335227330525,0.8139933960101038,2.2945915857950845,0.0504523468192993,"{'n_factors': 150, 'lr_all': 0.05, 'reg_all': 0.02, 'n_epochs': 50}",150,0.05,0.02,50
3.1519905480968475,3.1501697922183163,3.1582236146172096,3.153461318310791,0.003448515388288764,197,11.567905108133951,0.2688002783499509,2.31193216641744,0.178614258014577,"{'n_factors': 150, 'lr_all': 0.05, 'reg_all': 0.05, 'n_epochs': 20}",150,0.05,0.05,20
3.1801582222715754,3.182758196730819,3.1871263872357596,3.1833476020793845,0.002875109243224143,214,16.95197542508443,0.28881486721952243,2.460846741994222,0.06957535286470311,"{'n_factors': 150, 'lr_all': 0.05, 'reg_all': 0.05, 'n_epochs': 30}",150,0.05,0.05,30
3.2035362940460863,3.2052506881526357,3.212765393132011,3.207184125110244,0.004008133508774329,231,22.24037806193034,0.28116390459098684,2.323580026626587,0.13965027194471774,"{'n_factors': 150, 'lr_all': 0.05, 'reg_all': 0.05, 'n_epochs': 40}",150,0.05,0.05,40
3.225154274365547,3.221590899582843,3.2274153240983257,3.224720166015572,0.0023975428781397488,236,27.307733138402302,0.27528771781943423,2.3791208267211914,0.10080416753675452,"{'n_factors': 150, 'lr_all': 0.05, 'reg_all': 0.05, 'n_epochs': 50}",150,0.05,0.05,50
3.1988100394578467,3.2011115716656575,3.2088438306201743,3.202921813914559,0.004291617723118965,225,11.853905836741129,0.116286132251907,2.3020578225453696,0.02548905766688754,"{'n_factors': 150, 'lr_all': 0.05, 'reg_all': 0.1, 'n_epochs': 20}",150,0.05,0.1,20
3.2324810610256787,3.2318897914977143,3.2397033463454425,3.2346913996229447,0.0035521925037492945,240,16.776872714360554,0.11981220193302446,2.3512019316355386,0.07461600644918454,"{'n_factors': 150, 'lr_all': 0.05, 'reg_all': 0.1, 'n_epochs': 30}",150,0.05,0.1,30
3.2485064802837833,3.249173878884712,3.256107410281761,3.251262589816752,0.0034366232677593726,247,22.17128324508667,0.18652237689682044,2.3318816820780435,0.03837554784172054,"{'n_factors': 150, 'lr_all': 0.05, 'reg_all': 0.1, 'n_epochs': 40}",150,0.05,0.1,40
3.2580347685768345,3.255052002735003,3.2640971757134634,3.2590613156751,0.0037633440591479292,251,27.84583353996277,0.255199067780544,2.4234560330708823,0.0917467180117123,"{'n_factors': 150, 'lr_all': 0.05, 'reg_all': 0.1, 'n_epochs': 50}",150,0.05,0.1,50
3.077536162863014,3.084334895444674,3.0837846350830675,3.081885231130252,0.0030834496602788267,23,12.733613967895508,0.21776620797868193,2.2548391819000244,0.03469108726178509,"{'n_factors': 175, 'lr_all': 0.002, 'reg_all': 0.02, 'n_epochs': 20}",175,0.002,0.02,20
3.0970594580403468,3.10759038428544,3.106425756112184,3.10369186614599,0.004713860247917125,104,18.620242198308308,0.36595110511644974,2.320462703704834,0.00959433212790721,"{'n_factors': 175, 'lr_all': 0.002, 'reg_all': 0.02, 'n_epochs': 30}",175,0.002,0.02,30
3.105733454466368,3.1159883362554215,3.11361515130474,3.11177898067551,0.004383247811201288,142,24.57619055112203,0.2839636986562182,2.3716816902160645,0.10873080690305265,"{'n_factors': 175, 'lr_all': 0.002, 'reg_all': 0.02, 'n_epochs': 40}",175,0.002,0.02,40
3.1066502849149082,3.1142281002150747,3.1140727404893767,3.111650375206453,0.0035361666018249934,141,30.307219982147217,0.14055912730700532,2.280390739440918,0.09568787940657898,"{'n_factors': 175, 'lr_all': 0.002, 'reg_all': 0.02, 'n_epochs': 50}",175,0.002,0.02,50
3.0610093682273596,3.067915207273258,3.0684470714054757,3.065790548968698,0.003387770832941315,9,13.071869611740112,0.1476615195669629,2.3706283569335938,0.007760945763816488,"{'n_factors': 175, 'lr_all': 0.002, 'reg_all': 0.05, 'n_epochs': 20}",175,0.002,0.05,20
3.0823679664195787,3.088272754822506,3.091039003339974,3.0872265748606864,0.003616406107643302,36,18.744980176289875,0.5285895106813424,2.340914805730184,0.035728253571740476,"{'n_factors': 175, 'lr_all': 0.002, 'reg_all': 0.05, 'n_epochs': 30}",175,0.002,0.05,30
3.0911298042694177,3.0980225597723665,3.0962151049208697,3.095122489654218,0.0029180902084009136,62,24.63842837015788,0.4317208559161096,2.3070948918660483,0.036619157503153255,"{'n_factors': 175, 'lr_all': 0.002, 'reg_all': 0.05, 'n_epochs': 40}",175,0.002,0.05,40
3.095319719710073,3.100347951633636,3.0966538400339685,3.097440503792559,0.0021267986852066606,69,30.627305269241333,0.25769983868056473,2.3480192025502524,0.05155012897429911,"{'n_factors': 175, 'lr_all': 0.002, 'reg_all': 0.05, 'n_epochs': 50}",175,0.002,0.05,50
3.05326769021759,3.059821786380026,3.057705167607278,3.0569315480682984,0.002731044918455519,4,13.24102775255839,0.18356986339742523,2.4444454511006675,0.10465030827863686,"{'n_factors': 175, 'lr_all': 0.002, 'reg_all': 0.1, 'n_epochs': 20}",175,0.002,0.1,20
3.070443565399107,3.076499272356199,3.0745886873063464,3.073843841687218,0.0025277121321852047,16,18.788565794626873,0.29564364705994417,2.2483959992726645,0.12597309991666072,"{'n_factors': 175, 'lr_all': 0.002, 'reg_all': 0.1, 'n_epochs': 30}",175,0.002,0.1,30
3.0801512094296655,3.0834511848547526,3.0851698554567983,3.0829240832470717,0.0020824791419569453,27,24.57558258374532,0.21860254060780587,2.251591682434082,0.10511620233927554,"{'n_factors': 175, 'lr_all': 0.002, 'reg_all': 0.1, 'n_epochs': 40}",175,0.002,0.1,40
3.081309277238836,3.088491080308941,3.0906815307323168,3.0868272960933645,0.0040029919912915966,35,30.62843918800354,0.34011823892565773,2.4159165223439536,0.06322007999268096,"{'n_factors': 175, 'lr_all': 0.002, 'reg_all': 0.1, 'n_epochs': 50}",175,0.002,0.1,50
3.10578658317309,3.114081603449663,3.1124286474238696,3.1107656113488744,0.00358479261020223,137,13.087724129358927,0.05843527190919174,2.312185366948446,0.03526846540694658,"{'n_factors': 175, 'lr_all': 0.005, 'reg_all': 0.02, 'n_epochs': 20}",175,0.005,0.02,20
3.105392295924736,3.1096580229184863,3.11056990949594,3.1085400761130537,0.002256734272942598,131,18.863192001978557,0.2510333631348718,2.3955836296081543,0.03617007585694944,"{'n_factors': 175, 'lr_all': 0.005, 'reg_all': 0.02, 'n_epochs': 30}",175,0.005,0.02,30
3.098436231709615,3.109113730330323,3.1115884312962794,3.1063794644454057,0.005706852368800769,122,24.578789949417114,0.2924916862500623,2.242900768915812,0.02672732688591666,"{'n_factors': 175, 'lr_all': 0.005, 'reg_all': 0.02, 'n_epochs': 40}",175,0.005,0.02,40
3.0994032169895043,3.1075672348347942,3.1089768970085894,3.1053157829442966,0.004220238065036815,119,30.5835866133372,0.09364992147249698,2.477536678314209,0.08756892008566292,"{'n_factors': 175, 'lr_all': 0.005, 'reg_all': 0.02, 'n_epochs': 50}",175,0.005,0.02,50
3.094620851593687,3.100454875174398,3.0956905516144406,3.096922092794175,0.0025359387536122947,66,13.145031849543253,0.11195996468724613,2.4688833554585776,0.24881038826660382,"{'n_factors': 175, 'lr_all': 0.005, 'reg_all': 0.05, 'n_epochs': 20}",175,0.005,0.05,20
3.0939312979307254,3.1023642090169465,3.1006692211209876,3.0989882426895536,0.003642138905665063,81,19.091469526290894,0.21456722630615777,2.4537810484568277,0.11231414934996169,"{'n_factors': 175, 'lr_all': 0.005, 'reg_all': 0.05, 'n_epochs': 30}",175,0.005,0.05,30
3.0989679815585793,3.104302647986522,3.103300477265204,3.102190368936769,0.002315012145396667,97,25.193917830785114,0.5408807387064438,2.397436539332072,0.13637695862897475,"{'n_factors': 175, 'lr_all': 0.005, 'reg_all': 0.05, 'n_epochs': 40}",175,0.005,0.05,40
3.100302504966188,3.103848040488032,3.1038930682079404,3.1026812045540537,0.0016820950569401225,100,30.72157907485962,0.5240893311425183,2.490760167439779,0.11226159329026254,"{'n_factors': 175, 'lr_all': 0.005, 'reg_all': 0.05, 'n_epochs': 50}",175,0.005,0.05,50
3.0858893924030375,3.090210344940594,3.0905032669123376,3.088867668085323,0.002109351456435964,38,13.196393966674805,0.22756379292267695,2.4912307262420654,0.08045812150476706,"{'n_factors': 175, 'lr_all': 0.005, 'reg_all': 0.1, 'n_epochs': 20}",175,0.005,0.1,20
3.0906029167343734,3.09914214572817,3.0996335082473516,3.0964595235699655,0.0041461019445046725,65,19.378071864446003,0.5410352806382492,2.2858570416768393,0.08669213681438588,"{'n_factors': 175, 'lr_all': 0.005, 'reg_all': 0.1, 'n_epochs': 30}",175,0.005,0.1,30
3.0998015254641054,3.1000463760845305,3.1045841082329244,3.1014773365938537,0.002199092308140266,94,25.477341175079346,0.12437070713981462,2.253230651219686,0.13861896057267561,"{'n_factors': 175, 'lr_all': 0.005, 'reg_all': 0.1, 'n_epochs': 40}",175,0.005,0.1,40
3.103317134264659,3.1080641597972996,3.109666767791315,3.1070160206177575,0.002696096967281345,124,30.76244107882182,0.2958334891097404,2.3715129693349204,0.07980802132158477,"{'n_factors': 175, 'lr_all': 0.005, 'reg_all': 0.1, 'n_epochs': 50}",175,0.005,0.1,50
3.1028752661740784,3.105460985173292,3.1041220243294183,3.10415275855893,0.0010558390440376542,107,13.384784936904907,0.19025518665768276,2.324607769648234,0.09416358501816399,"{'n_factors': 175, 'lr_all': 0.01, 'reg_all': 0.02, 'n_epochs': 20}",175,0.01,0.02,20
3.1030730681632854,3.1066432630284306,3.1005937945155893,3.103436708569102,0.002483034847456037,103,19.33311136563619,0.25676142136540536,2.3202877044677734,0.0025389568043293724,"{'n_factors': 175, 'lr_all': 0.01, 'reg_all': 0.02, 'n_epochs': 30}",175,0.01,0.02,30
3.1011091325897073,3.104476690312019,3.104501660831244,3.1033624945776572,0.0015934001523491045,102,25.247174104054768,0.4479289658778146,2.309587558110555,0.0679411048206569,"{'n_factors': 175, 'lr_all': 0.01, 'reg_all': 0.02, 'n_epochs': 40}",175,0.01,0.02,40
3.1012488710316117,3.1070943751022826,3.1073224178087844,3.105221887980893,0.0028108893762714728,117,30.811405499776203,0.11959803551772008,2.427600065867106,0.06843584114912019,"{'n_factors': 175, 'lr_all': 0.01, 'reg_all': 0.02, 'n_epochs': 50}",175,0.01,0.02,50
3.0960453588170096,3.1018592515910655,3.102766950608805,3.1002238536722935,0.0029777893163022502,85,13.307924509048462,0.3647624823041771,2.522148847579956,0.16892479229876123,"{'n_factors': 175, 'lr_all': 0.01, 'reg_all': 0.05, 'n_epochs': 20}",175,0.01,0.05,20
3.0980870295441028,3.1024260221907953,3.1037829181282426,3.10143198995438,0.0024292470378024437,93,19.476855357487995,0.22011389289251135,2.4870444933573403,0.03603007056052739,"{'n_factors': 175, 'lr_all': 0.01, 'reg_all': 0.05, 'n_epochs': 30}",175,0.01,0.05,30
3.105471351587937,3.108215540344429,3.1115717778671734,3.1084195565998467,0.002494663260035345,130,25.16478220621745,0.2538345569332274,2.410128434499105,0.1280070373715591,"{'n_factors': 175, 'lr_all': 0.01, 'reg_all': 0.05, 'n_epochs': 40}",175,0.01,0.05,40
3.11130731996603,3.1130852240813627,3.1162184293532342,3.1135369911335427,0.0020302411934459614,145,30.908874034881592,0.3821092907682907,2.4585556189219155,0.08053297357906669,"{'n_factors': 175, 'lr_all': 0.01, 'reg_all': 0.05, 'n_epochs': 50}",175,0.01,0.05,50
3.096899355643521,3.1010901950101646,3.10333202624596,3.1004405256332155,0.0026660039377791006,86,13.398158391316732,0.21907467915643547,2.317359288533529,0.0631227896750838,"{'n_factors': 175, 'lr_all': 0.01, 'reg_all': 0.1, 'n_epochs': 20}",175,0.01,0.1,20
3.111226733876555,3.113126036809434,3.1151114993436226,3.1131547566765376,0.0015860788771065388,144,19.325112501780193,0.20209653487974016,2.3963595231374106,0.09191560259159712,"{'n_factors': 175, 'lr_all': 0.01, 'reg_all': 0.1, 'n_epochs': 30}",175,0.01,0.1,30
3.119723615539275,3.1245606673559587,3.1293912585476713,3.1245585138143017,0.003946799024758681,166,25.089317719141643,0.4323043770995481,2.374420722325643,0.0709777725990938,"{'n_factors': 175, 'lr_all': 0.01, 'reg_all': 0.1, 'n_epochs': 40}",175,0.01,0.1,40
3.133831200532373,3.131132863181605,3.1372288890350353,3.1340643175830043,0.0024941452070658308,179,31.28079652786255,0.15845395249633992,2.340963363647461,0.06289359794517282,"{'n_factors': 175, 'lr_all': 0.01, 'reg_all': 0.1, 'n_epochs': 50}",175,0.01,0.1,50
8.766815778853381,8.771070844641857,8.762301968554675,8.766729530683305,0.0035803981173622226,272,13.386635303497314,0.08524808423409669,2.4383962154388428,0.02809527501391512,"{'n_factors': 175, 'lr_all': 0.05, 'reg_all': 0.02, 'n_epochs': 20}",175,0.05,0.02,20
8.766815778853381,8.771070843962786,8.762301968554675,8.766729530456947,0.0035803978428992195,271,19.120551268259685,0.3594676581861544,2.3666396141052246,0.06413553386516792,"{'n_factors': 175, 'lr_all': 0.05, 'reg_all': 0.02, 'n_epochs': 30}",175,0.05,0.02,30
8.766815778853381,8.771070898169928,8.762301968554675,8.766729548525994,0.0035804197520526116,277,25.09632929166158,0.150488573057689,2.3522635300954184,0.11421325494811421,"{'n_factors': 175, 'lr_all': 0.05, 'reg_all': 0.02, 'n_epochs': 40}",175,0.05,0.02,40
8.766815778853381,8.77107087506673,8.762301968554675,8.766729540824928,0.003580410414319572,276,30.627358039220173,0.3502372783306647,2.5177242755889893,0.13211704677012265,"{'n_factors': 175, 'lr_all': 0.05, 'reg_all': 0.02, 'n_epochs': 50}",175,0.05,0.02,50
3.146446918453339,3.149472822461548,3.1543378453398474,3.1500858620849113,0.003250491754275164,194,13.587133725484213,0.20422636125900756,2.323134660720825,0.23535886047504825,"{'n_factors': 175, 'lr_all': 0.05, 'reg_all': 0.05, 'n_epochs': 20}",175,0.05,0.05,20
3.177971564406315,3.177565505272257,3.1809425335289463,3.1788265344025057,0.001505392580560511,210,19.335555712382,0.22442224586626422,2.3622151215871177,0.05991026864973401,"{'n_factors': 175, 'lr_all': 0.05, 'reg_all': 0.05, 'n_epochs': 30}",175,0.05,0.05,30
3.2031935589581955,3.2027446590427653,3.2071714343948634,3.2043698841319412,0.0019894539770629097,228,25.45891761779785,0.2512094590716654,2.5037903785705566,0.08537434505752532,"{'n_factors': 175, 'lr_all': 0.05, 'reg_all': 0.05, 'n_epochs': 40}",175,0.05,0.05,40
8.766815778853381,3.217947697697362,3.227048423153631,5.070603966568124,2.6136190779273547,264,31.536854028701782,0.41978311425930187,2.5646806557973227,0.08134819304700469,"{'n_factors': 175, 'lr_all': 0.05, 'reg_all': 0.05, 'n_epochs': 50}",175,0.05,0.05,50
3.1996600887074873,3.1992734145075903,3.206203800248527,3.2017124344878685,0.003179796013502521,223,13.37163249651591,0.19264274669842224,2.4646712938944497,0.04260492757924692,"{'n_factors': 175, 'lr_all': 0.05, 'reg_all': 0.1, 'n_epochs': 20}",175,0.05,0.1,20
3.2278169426197096,3.2290419512068715,3.237588117077969,3.2314823369681833,0.004346306828518816,239,19.786184469858807,0.1521188671326363,2.461346705754598,0.11705711047040096,"{'n_factors': 175, 'lr_all': 0.05, 'reg_all': 0.1, 'n_epochs': 30}",175,0.05,0.1,30
3.2450525176387433,3.2448343864751847,3.2523685486105114,3.24741848424148,0.003501356712694474,244,25.29756013552348,0.6114526488923115,2.5119388103485107,0.1684728081486219,"{'n_factors': 175, 'lr_all': 0.05, 'reg_all': 0.1, 'n_epochs': 40}",175,0.05,0.1,40
3.2558819124055445,3.251448072299888,3.262803133095465,3.256711039266966,0.004672610971185207,250,32.15830906232198,0.21653905576140206,2.5341923236846924,0.13215369302321409,"{'n_factors': 175, 'lr_all': 0.05, 'reg_all': 0.1, 'n_epochs': 50}",175,0.05,0.1,50
3.0778011590684153,3.085237516362342,3.083059633845699,3.0820327697588183,0.0031215049618656034,24,15.133034070332846,0.4367320235477804,2.4644368489583335,0.11461671471940607,"{'n_factors': 200, 'lr_all': 0.002, 'reg_all': 0.02, 'n_epochs': 20}",200,0.002,0.02,20
3.0948895709450484,3.099719621548355,3.099193197665127,3.0979341300528436,0.0021635288530317963,74,22.169304688771565,0.3471369828498596,2.449343681335449,0.11175407438425698,"{'n_factors': 200, 'lr_all': 0.002, 'reg_all': 0.02, 'n_epochs': 30}",200,0.002,0.02,30
3.101744624422052,3.105624617629089,3.1069503585106877,3.1047732001872763,0.0022088610331365177,112,28.409175237019856,0.3572115638572942,2.3962228298187256,0.1855660419650407,"{'n_factors': 200, 'lr_all': 0.002, 'reg_all': 0.02, 'n_epochs': 40}",200,0.002,0.02,40
3.10594470649385,3.106649221344115,3.1111288174924696,3.107907581776811,0.002295844789387134,127,35.29738807678223,0.6758539313157167,2.993534723917643,0.8168513480397367,"{'n_factors': 200, 'lr_all': 0.002, 'reg_all': 0.02, 'n_epochs': 50}",200,0.002,0.02,50
3.0624312273394283,3.07054631666807,3.068673909463699,3.0672171511570663,0.0034694165960977743,11,15.147509098052979,0.36025452239820555,2.672830104827881,0.19546964343552548,"{'n_factors': 200, 'lr_all': 0.002, 'reg_all': 0.05, 'n_epochs': 20}",200,0.002,0.05,20
3.0815501259557383,3.0871207956359252,3.0886165414571978,3.085762487682954,0.0030405380424244925,31,25.552801450093586,1.439552970900681,3.179323196411133,0.12479063442009025,"{'n_factors': 200, 'lr_all': 0.002, 'reg_all': 0.05, 'n_epochs': 30}",200,0.002,0.05,30
3.0892799449503467,3.091992728466076,3.0930252686617625,3.091432647359395,0.001579478935254518,46,32.56703933080038,2.0562621297938155,2.727128823598226,0.18272802100585867,"{'n_factors': 200, 'lr_all': 0.002, 'reg_all': 0.05, 'n_epochs': 40}",200,0.002,0.05,40
3.091961016709859,3.096329893854976,3.0958539840736528,3.0947149648794956,0.001957003733734387,58,38.274074951807656,0.8661523667788215,2.4421164194742837,0.09617349998177312,"{'n_factors': 200, 'lr_all': 0.002, 'reg_all': 0.05, 'n_epochs': 50}",200,0.002,0.05,50
3.052457238750775,3.061669627533766,3.0619386041690535,3.0586884901511984,0.004407528227857328,5,16.384333451588947,0.3170814172753002,2.6040477752685547,0.03672524194924557,"{'n_factors': 200, 'lr_all': 0.002, 'reg_all': 0.1, 'n_epochs': 20}",200,0.002,0.1,20
3.0678533803760972,3.0748612819151977,3.073921427508225,3.072212029933173,0.0031058226014618008,13,22.880598147710163,0.6591078832582383,2.6159374713897705,0.10159307355109055,"{'n_factors': 200, 'lr_all': 0.002, 'reg_all': 0.1, 'n_epochs': 30}",200,0.002,0.1,30
3.079993623505173,3.0839210307030527,3.083998361852293,3.082637672020173,0.0018698911624148644,26,29.35890515645345,0.1109358153446551,2.652423858642578,0.07343745048065174,"{'n_factors': 200, 'lr_all': 0.002, 'reg_all': 0.1, 'n_epochs': 40}",200,0.002,0.1,40
3.0822128343782813,3.087351392379943,3.0898442932246297,3.086469506660951,0.0031773241201676385,33,36.49747482935587,0.7157620845568017,2.437626043955485,0.05003592926260564,"{'n_factors': 200, 'lr_all': 0.002, 'reg_all': 0.1, 'n_epochs': 50}",200,0.002,0.1,50
3.1025121499969326,3.107441895770106,3.10839656001499,3.1061168685940097,0.002578545207179071,121,15.621900876363119,0.43252307281934105,2.6145826975504556,0.12682270848743998,"{'n_factors': 200, 'lr_all': 0.005, 'reg_all': 0.02, 'n_epochs': 20}",200,0.005,0.02,20
3.0993025086342447,3.1056036778367297,3.101730093597662,3.1022120933562127,0.002594921470233512,99,22.307727575302124,0.3583253345713538,2.4860448837280273,0.14761889616917184,"{'n_factors': 200, 'lr_all': 0.005, 'reg_all': 0.02, 'n_epochs': 30}",200,0.005,0.02,30
3.096999510821432,3.102277500441429,3.1021614915025535,3.100479500921805,0.0024611803188029292,87,28.470994869867962,0.33446667784618656,2.4664835135142007,0.08616194641510555,"{'n_factors': 200, 'lr_all': 0.005, 'reg_all': 0.02, 'n_epochs': 40}",200,0.005,0.02,40
3.0965961230436183,3.1018245379295317,3.104026210162558,3.100815623711903,0.0031160851050273035,89,35.297912995020546,0.35163743545017,2.31733504931132,0.1636418173700259,"{'n_factors': 200, 'lr_all': 0.005, 'reg_all': 0.02, 'n_epochs': 50}",200,0.005,0.02,50
3.0861954692887155,3.094203892291625,3.0932142154121456,3.091204525664162,0.0035649076108406957,45,15.453569014867147,0.31214464500693806,2.407354752222697,0.0991093808808576,"{'n_factors': 200, 'lr_all': 0.005, 'reg_all': 0.05, 'n_epochs': 20}",200,0.005,0.05,20
3.088060825957942,3.0940142567751887,3.094184789020942,3.0920866239180245,0.0028475202338481866,51,21.941309769948322,0.2973218913280227,2.552330811818441,0.05425355399811634,"{'n_factors': 200, 'lr_all': 0.005, 'reg_all': 0.05, 'n_epochs': 30}",200,0.005,0.05,30
3.0878334780497503,3.0992682819293598,3.0951295559983003,3.0940771053258036,0.004727185509004442,55,29.11419153213501,0.09687940845358577,2.446004947026571,0.026891236279118887,"{'n_factors': 200, 'lr_all': 0.005, 'reg_all': 0.05, 'n_epochs': 40}",200,0.005,0.05,40
3.0951621999848427,3.0984690166728495,3.098902397405762,3.097511204687818,0.0016703935735558786,70,34.65377608935038,0.5024017340046707,2.476239045461019,0.1484186483321313,"{'n_factors': 200, 'lr_all': 0.005, 'reg_all': 0.05, 'n_epochs': 50}",200,0.005,0.05,50
3.083498422921767,3.087147605918442,3.0881032258655323,3.0862497515685803,0.0019842142631112786,32,14.895878553390503,0.30519930989124683,2.575132131576538,0.19920666968259074,"{'n_factors': 200, 'lr_all': 0.005, 'reg_all': 0.1, 'n_epochs': 20}",200,0.005,0.1,20
3.087418684682402,3.092817235055978,3.0955532433621453,3.0919297210335084,0.0033796964443183765,49,22.245002428690594,0.3527597916051991,2.5001853307088218,0.16963430824137354,"{'n_factors': 200, 'lr_all': 0.005, 'reg_all': 0.1, 'n_epochs': 30}",200,0.005,0.1,30
3.095020175236988,3.0999579090744693,3.10018227044754,3.0983867849196662,0.0023823140113563104,77,28.84490966796875,0.6451987487046424,2.3735698064168296,0.12717632504409832,"{'n_factors': 200, 'lr_all': 0.005, 'reg_all': 0.1, 'n_epochs': 40}",200,0.005,0.1,40
3.101194024637071,3.104448394669674,3.1070559742008035,3.10423279783585,0.002397981744162097,108,35.821966886520386,0.7727872300275673,2.549039602279663,0.027007598510921643,"{'n_factors': 200, 'lr_all': 0.005, 'reg_all': 0.1, 'n_epochs': 50}",200,0.005,0.1,50
3.102076896391794,3.102288743838432,3.102233952273315,3.1021998641678468,8.978245694473607e-05,98,15.411508242289225,0.2069822525506049,2.4847543239593506,0.0840905123797379,"{'n_factors': 200, 'lr_all': 0.01, 'reg_all': 0.02, 'n_epochs': 20}",200,0.01,0.02,20
3.098026726190257,3.1019424352615834,3.10242550389033,3.1007982217807233,0.0019696411993052132,88,22.327913602193195,0.23634363715807882,2.4437894026438394,0.11115579977087016,"{'n_factors': 200, 'lr_all': 0.01, 'reg_all': 0.02, 'n_epochs': 30}",200,0.01,0.02,30
3.0945033477294133,3.099853156338289,3.0999710165279635,3.0981091735318884,0.002550157844059199,75,29.66097601254781,0.4438013097275381,2.504948139190674,0.09515788060396303,"{'n_factors': 200, 'lr_all': 0.01, 'reg_all': 0.02, 'n_epochs': 40}",200,0.01,0.02,40
3.094510396207413,3.1004498986757913,3.098748499480975,3.097902931454726,0.0024974201833395664,73,36.35311929384867,0.1747867995572464,2.4076810677846274,0.015260945051502434,"{'n_factors': 200, 'lr_all': 0.01, 'reg_all': 0.02, 'n_epochs': 50}",200,0.01,0.02,50
3.0915908066041866,3.0978467719688396,3.0977546941166674,3.0957307575632314,0.002927628737867994,64,15.487272342046102,0.18358954399776178,2.3871266841888428,0.06384211073127119,"{'n_factors': 200, 'lr_all': 0.01, 'reg_all': 0.05, 'n_epochs': 20}",200,0.01,0.05,20
3.0956529322238135,3.0989213242354134,3.0983725985216917,3.097648951660306,0.0014290661683694617,71,22.257182280222576,0.3527791497998917,2.5801475842793784,0.0669881645819472,"{'n_factors': 200, 'lr_all': 0.01, 'reg_all': 0.05, 'n_epochs': 30}",200,0.01,0.05,30
3.1032110805431894,3.105214373150959,3.107265983310735,3.105230479001628,0.001655446296799664,118,29.34358278910319,0.0446697718453095,2.3417812983194985,0.08808770765513071,"{'n_factors': 200, 'lr_all': 0.01, 'reg_all': 0.05, 'n_epochs': 40}",200,0.01,0.05,40
3.107737443125663,3.106196168906738,3.112441881772156,3.1087918312681855,0.0026565683460223243,132,35.92022132873535,0.314675927940952,2.4651236534118652,0.06425277049278907,"{'n_factors': 200, 'lr_all': 0.01, 'reg_all': 0.05, 'n_epochs': 50}",200,0.01,0.05,50
3.095608145831491,3.09515795639517,3.1002298975892275,3.096998666605296,0.0022922053261407844,67,15.590913772583008,0.2801756775931642,2.4234253565470376,0.10293473508006701,"{'n_factors': 200, 'lr_all': 0.01, 'reg_all': 0.1, 'n_epochs': 20}",200,0.01,0.1,20
3.1056252810814238,3.107952994616865,3.111031133521357,3.108203136406549,0.0022140066752072106,129,22.10098679860433,0.574055272469509,2.4847730795542398,0.11282107336927646,"{'n_factors': 200, 'lr_all': 0.01, 'reg_all': 0.1, 'n_epochs': 30}",200,0.01,0.1,30
3.1157088633593766,3.12233041709013,3.123718605485173,3.1205859619782266,0.0034948853065132554,159,28.727101802825928,0.4314524378503416,2.288593053817749,0.10569504057517012,"{'n_factors': 200, 'lr_all': 0.01, 'reg_all': 0.1, 'n_epochs': 40}",200,0.01,0.1,40
3.127546015459268,3.130767766439092,3.134212802185793,3.130842194694717,0.002722213068830845,175,35.270614306131996,0.289018043831713,2.4735470612843833,0.17926530991199083,"{'n_factors': 200, 'lr_all': 0.01, 'reg_all': 0.1, 'n_epochs': 50}",200,0.01,0.1,50
8.766815778853381,8.771070953685726,8.762301968554675,8.76672956703126,0.003580442190181796,279,15.34202210108439,0.10912002102146595,2.4863592783610025,0.22518540608568827,"{'n_factors': 200, 'lr_all': 0.05, 'reg_all': 0.02, 'n_epochs': 20}",200,0.05,0.02,20
8.766815778853381,8.771070817642011,8.762301968554675,8.766729521683354,0.0035803872047262776,267,21.809850295384724,0.1966637416106667,2.354313055674235,0.13091245984958177,"{'n_factors': 200, 'lr_all': 0.05, 'reg_all': 0.02, 'n_epochs': 30}",200,0.05,0.02,30
8.766815778853381,8.771070819456359,8.762301968554675,8.766729522288138,0.003580387938038118,268,28.287412881851196,0.307085922883852,2.3455002307891846,0.0396915280200458,"{'n_factors': 200, 'lr_all': 0.05, 'reg_all': 0.02, 'n_epochs': 40}",200,0.05,0.02,40
8.766815778853381,8.771070821339878,8.762301968554675,8.766729522915979,0.003580388699307257,269,35.39573152860006,0.35165950720645367,2.418576637903849,0.1429442065257998,"{'n_factors': 200, 'lr_all': 0.05, 'reg_all': 0.02, 'n_epochs': 50}",200,0.05,0.02,50
3.1424979568473375,3.146417744137865,3.148726745830322,3.1458808156051745,0.002571079181400901,192,14.988919258117676,0.0567824548440783,2.5494794050852456,0.19819580686119467,"{'n_factors': 200, 'lr_all': 0.05, 'reg_all': 0.05, 'n_epochs': 20}",200,0.05,0.05,20
3.1736805350497828,3.173580218435564,3.1815853751620984,3.176282042882482,0.0037502458414340237,209,22.100701411565144,0.1956567622527066,2.369978745778402,0.09644133659538956,"{'n_factors': 200, 'lr_all': 0.05, 'reg_all': 0.05, 'n_epochs': 30}",200,0.05,0.05,30
3.198863729710842,8.77107079428075,3.2046003307120348,5.058178284901209,2.625412515752244,262,29.04406984647115,0.4703516335045631,2.3150339126586914,0.06820540877887435,"{'n_factors': 200, 'lr_all': 0.05, 'reg_all': 0.05, 'n_epochs': 40}",200,0.05,0.05,40
3.217348665306121,3.2146835168782726,3.2217472147137447,3.2179264656327127,0.002912541466459653,234,35.877643744150795,0.23526568400425227,2.3569186528523765,0.0671541954876738,"{'n_factors': 200, 'lr_all': 0.05, 'reg_all': 0.05, 'n_epochs': 50}",200,0.05,0.05,50
3.1924752219169363,3.196278451067568,3.203672516905584,3.1974753966300296,0.004648968543330993,221,15.63786005973816,0.10951983201988486,2.3777476946512857,0.03836682846657511,"{'n_factors': 200, 'lr_all': 0.05, 'reg_all': 0.1, 'n_epochs': 20}",200,0.05,0.1,20
3.2265997617025293,3.2267202463783207,3.233691652351836,3.229003886810895,0.0033151157309510067,238,22.287519693374634,0.3057298085032085,2.3591628074645996,0.04050014833624164,"{'n_factors': 200, 'lr_all': 0.05, 'reg_all': 0.1, 'n_epochs': 30}",200,0.05,0.1,30
3.2438521690858133,3.241200182896163,3.2522148616493176,3.2457557378770985,0.004693858939519649,243,29.139057715733845,0.09360812349651357,2.381462653477987,0.00964138726481515,"{'n_factors': 200, 'lr_all': 0.05, 'reg_all': 0.1, 'n_epochs': 40}",200,0.05,0.1,40
3.251520934304242,3.251073289423336,3.2613578370139296,3.254650686913836,0.004746190987429862,249,36.05689469973246,0.7009578610596932,2.5669334729512534,0.15607545579981585,"{'n_factors': 200, 'lr_all': 0.05, 'reg_all': 0.1, 'n_epochs': 50}",200,0.05,0.1,50
3.0771487813731238,3.084807058128137,3.084187935340774,3.0820479249473447,0.0034734261737831653,25,16.731204350789387,0.26236765408399293,2.551347017288208,0.14397868097483615,"{'n_factors': 225, 'lr_all': 0.002, 'reg_all': 0.02, 'n_epochs': 20}",225,0.002,0.02,20
3.0948903263716128,3.1026874812901593,3.09895049931489,3.0988427689922204,0.0031840865328243697,79,24.550378719965618,0.3208306964025801,2.4101288318634033,0.045846170975224525,"{'n_factors': 225, 'lr_all': 0.002, 'reg_all': 0.02, 'n_epochs': 30}",225,0.002,0.02,30
3.10206904428211,3.1064709364214824,3.1063083570257475,3.10494944590978,0.0020378326996250617,115,32.503515323003136,0.3993886778601939,2.4162701765696206,0.22514712036612577,"{'n_factors': 225, 'lr_all': 0.002, 'reg_all': 0.02, 'n_epochs': 40}",225,0.002,0.02,40
3.0987033034971927,3.1021051614769113,3.1085299007252143,3.1031127885664396,0.004074472361267867,101,39.43695863087972,0.24034639877411815,2.432932694753011,0.032042607446444424,"{'n_factors': 225, 'lr_all': 0.002, 'reg_all': 0.02, 'n_epochs': 50}",225,0.002,0.02,50
3.068568325911857,3.0701724278406806,3.0685075699350803,3.0690827745625398,0.0007709003489866082,12,16.796691417694092,0.26858493480551826,2.421725352605184,0.09813518418173105,"{'n_factors': 225, 'lr_all': 0.002, 'reg_all': 0.05, 'n_epochs': 20}",225,0.002,0.05,20
3.07822724085225,3.087934804591768,3.0872513748116215,3.0844711400852134,0.0044239105845127,29,24.61245314280192,0.268893688138482,2.4617300828297934,0.0779101630399819,"{'n_factors': 225, 'lr_all': 0.002, 'reg_all': 0.05, 'n_epochs': 30}",225,0.002,0.05,30
3.0876637325606806,3.0915336079824294,3.0897098201502207,3.08963572023111,0.001580738655075096,39,32.052720149358116,0.23752413724755528,2.397944927215576,0.042965183146225855,"{'n_factors': 225, 'lr_all': 0.002, 'reg_all': 0.05, 'n_epochs': 40}",225,0.002,0.05,40
3.0919335850652496,3.093789415827311,3.088920729612504,3.0915479101683547,0.0020062544220734056,48,39.30881508191427,0.5084122027390114,2.4720512231191,0.03250943991002225,"{'n_factors': 225, 'lr_all': 0.002, 'reg_all': 0.05, 'n_epochs': 50}",225,0.002,0.05,50
3.057986400137456,3.0607972188268007,3.0609456875366052,3.0599097688336205,0.0013613770223532247,7,17.056050539016724,0.146368262719621,2.5627214113871255,0.08207960582605107,"{'n_factors': 225, 'lr_all': 0.002, 'reg_all': 0.1, 'n_epochs': 20}",225,0.002,0.1,20
3.071486546411392,3.073378072003494,3.075796362174119,3.073553660196335,0.0017638502179912997,15,25.529075860977173,0.41833546312393183,2.4735925992329917,0.165422182208011,"{'n_factors': 225, 'lr_all': 0.002, 'reg_all': 0.1, 'n_epochs': 30}",225,0.002,0.1,30
3.0749546961533816,3.08150739512817,3.0853488797607325,3.0806036570140947,0.004291256237976224,22,32.938432931900024,0.3774067400300534,2.473721742630005,0.09142626387835162,"{'n_factors': 225, 'lr_all': 0.002, 'reg_all': 0.1, 'n_epochs': 40}",225,0.002,0.1,40
3.0799898737237754,3.087371801463655,3.087796795372613,3.0850528235200145,0.0035842479857557392,30,40.46892658869425,0.26363175393846316,2.476676066716512,0.16207435546869764,"{'n_factors': 225, 'lr_all': 0.002, 'reg_all': 0.1, 'n_epochs': 50}",225,0.002,0.1,50
3.0991936993832128,3.107591196691769,3.1048934802722554,3.103892792115746,0.0035005259463625257,105,17.13322393099467,0.25019701127290955,2.5439069271087646,0.21639861874221156,"{'n_factors': 225, 'lr_all': 0.005, 'reg_all': 0.02, 'n_epochs': 20}",225,0.005,0.02,20
3.097062670652116,3.0995082424145317,3.1036033359783906,3.100058083015013,0.0026983722552724387,84,24.5925616423289,0.09377260926566064,2.464432160059611,0.09034558952447486,"{'n_factors': 225, 'lr_all': 0.005, 'reg_all': 0.02, 'n_epochs': 30}",225,0.005,0.02,30
3.0938442259756225,3.101304904368895,3.1015885912501164,3.098912573864878,0.0035857339840480035,80,32.42202504475912,0.11501165680634903,2.5323166847229004,0.15596274821696998,"{'n_factors': 225, 'lr_all': 0.005, 'reg_all': 0.02, 'n_epochs': 40}",225,0.005,0.02,40
3.0927601061204775,3.099681313335829,3.0992565807221935,3.0972326667261663,0.0031673278145195626,68,39.81370743115743,0.44342183148427405,2.4571757316589355,0.043694655584592776,"{'n_factors': 225, 'lr_all': 0.005, 'reg_all': 0.02, 'n_epochs': 50}",225,0.005,0.02,50
3.08527358088328,3.0922531220633616,3.0924792301041673,3.090001977683603,0.0033447554407367397,41,17.265720049540203,0.17093191867110713,2.526705265045166,0.02100547591993986,"{'n_factors': 225, 'lr_all': 0.005, 'reg_all': 0.05, 'n_epochs': 20}",225,0.005,0.05,20
3.0905975401001706,3.093071897887716,3.092331485011584,3.09200030766649,0.0010369411557152029,50,24.80734880765279,0.3586735159288807,2.670494874318441,0.1045916941634133,"{'n_factors': 225, 'lr_all': 0.005, 'reg_all': 0.05, 'n_epochs': 30}",225,0.005,0.05,30
3.090248989262046,3.089887707694734,3.0943929954016007,3.0915098974527933,0.002043986534452055,47,32.21048402786255,0.09641955791526957,2.495307127634684,0.1581385915924022,"{'n_factors': 225, 'lr_all': 0.005, 'reg_all': 0.05, 'n_epochs': 40}",225,0.005,0.05,40
3.0912500845216955,3.094095986239054,3.09892912023664,3.0947583969991297,0.003169751661055471,59,40.17606123288473,0.3330789917314662,2.40096116065979,0.06111737693252773,"{'n_factors': 225, 'lr_all': 0.005, 'reg_all': 0.05, 'n_epochs': 50}",225,0.005,0.05,50
3.0796563320258374,3.085346238332792,3.0846152310701256,3.083205933809585,0.0025276270191500294,28,17.290342966715496,0.22302700898506733,2.71205464998881,0.27879900204783475,"{'n_factors': 225, 'lr_all': 0.005, 'reg_all': 0.1, 'n_epochs': 20}",225,0.005,0.1,20
3.0852589676492466,3.0905402647280154,3.0932860776252813,3.089695103334181,0.0033311006167191445,40,24.862526893615723,0.2601335257974476,2.5332709153493247,0.058539157393762184,"{'n_factors': 225, 'lr_all': 0.005, 'reg_all': 0.1, 'n_epochs': 30}",225,0.005,0.1,30
3.09376082432125,3.096165030503057,3.0964626065645997,3.0954628204629686,0.0012096090354381374,63,32.79815642038981,0.8852699693189721,2.6013786792755127,0.13826571152168263,"{'n_factors': 225, 'lr_all': 0.005, 'reg_all': 0.1, 'n_epochs': 40}",225,0.005,0.1,40
3.0969491249762187,3.1020702686781867,3.105840062924749,3.1016198188597177,0.003643658708896277,96,46.872286796569824,1.5288917865421012,3.712449232737223,0.500283586489699,"{'n_factors': 225, 'lr_all': 0.005, 'reg_all': 0.1, 'n_epochs': 50}",225,0.005,0.1,50
3.096143455181315,3.0992794987178116,3.0996175528650554,3.0983468355880603,0.0015641257545863057,76,19.735136032104492,1.2490670126387868,2.986487547556559,0.5768363907576296,"{'n_factors': 225, 'lr_all': 0.01, 'reg_all': 0.02, 'n_epochs': 20}",225,0.01,0.02,20
3.0889867970625975,3.09707639103,3.0983055504815074,3.094789579524702,0.004133757085766296,60,33.560142834981285,0.36559246715845245,4.003932078679402,1.045372419691163,"{'n_factors': 225, 'lr_all': 0.01, 'reg_all': 0.02, 'n_epochs': 30}",225,0.01,0.02,30
3.0901554519030094,3.0929674694086593,3.0941697237923163,3.0924308817013286,0.0016821691306294067,53,42.36556315422058,1.900511804193014,5.040745814641316,0.43961014511214536,"{'n_factors': 225, 'lr_all': 0.01, 'reg_all': 0.02, 'n_epochs': 40}",225,0.01,0.02,40
3.0915809202357165,3.0966696042342337,3.0964497907297854,3.0949001050665785,0.002348733055678154,61,58.051066080729164,1.3006073125349848,5.899541934331258,0.8714207060778564,"{'n_factors': 225, 'lr_all': 0.01, 'reg_all': 0.02, 'n_epochs': 50}",225,0.01,0.02,50
3.088884072172027,3.0940501094963895,3.093570227354532,3.0921681363409825,0.0023304334098878275,52,26.56980363527934,1.0289102914228725,5.561396837234497,0.4030753400504005,"{'n_factors': 225, 'lr_all': 0.01, 'reg_all': 0.05, 'n_epochs': 20}",225,0.01,0.05,20
3.090237664633266,3.0962378791311296,3.097369886928614,3.0946151435643365,0.003129654055149129,57,35.84480277697245,1.016310178439694,5.271085182825725,0.4160916371040498,"{'n_factors': 225, 'lr_all': 0.01, 'reg_all': 0.05, 'n_epochs': 30}",225,0.01,0.05,30
3.097607560637106,3.1012062767475546,3.103765205126102,3.100859680836921,0.0025257662807111883,90,45.49636483192444,1.1599979697208966,4.410579760869344,0.8547110568462989,"{'n_factors': 225, 'lr_all': 0.01, 'reg_all': 0.05, 'n_epochs': 40}",225,0.01,0.05,40
3.1012770774176484,3.106070360876432,3.1089136516608074,3.1054203633182964,0.0031513160385260365,120,50.7633482615153,2.728977404483463,4.339909553527832,0.37464610662346665,"{'n_factors': 225, 'lr_all': 0.01, 'reg_all': 0.05, 'n_epochs': 50}",225,0.01,0.05,50
3.091393876238473,3.095244629528325,3.097109444781,3.0945826501825997,0.002379859019873124,56,20.740772406260174,0.9374122582992311,3.3473540941874185,0.7489004766444417,"{'n_factors': 225, 'lr_all': 0.01, 'reg_all': 0.1, 'n_epochs': 20}",225,0.01,0.1,20
3.1058402843623134,3.107625711418725,3.1100305653092435,3.1078321870300942,0.0017168940439291286,126,29.522162914276123,1.075384961546051,3.0513366063435874,0.12388136824717433,"{'n_factors': 225, 'lr_all': 0.01, 'reg_all': 0.1, 'n_epochs': 30}",225,0.01,0.1,30
3.1163914612342523,3.1186335822036555,3.121334290664776,3.118786444700895,0.002020794547054727,156,36.363504807154335,0.31800361126859167,2.7531582514444985,0.10688424736488518,"{'n_factors': 225, 'lr_all': 0.01, 'reg_all': 0.1, 'n_epochs': 40}",225,0.01,0.1,40
3.1261432864764016,3.1276841086646305,3.1328654541149152,3.1288976164186493,0.002875335950443289,171,44.42390259106954,0.5863133196996451,2.8394358158111572,0.2842261580335648,"{'n_factors': 225, 'lr_all': 0.01, 'reg_all': 0.1, 'n_epochs': 50}",225,0.01,0.1,50
8.766815778853381,8.771070839930147,8.762301968554675,8.766729529112736,0.003580396213010589,270,19.266980806986492,0.034240644330068876,2.6647895177205405,0.0763944830601079,"{'n_factors': 225, 'lr_all': 0.05, 'reg_all': 0.02, 'n_epochs': 20}",225,0.05,0.02,20
8.766815778853381,8.7710708530345,8.762301968554675,8.76672953348085,0.003580401509452836,274,26.43453590075175,0.8624142668184068,2.63277276357015,0.16806818629516163,"{'n_factors': 225, 'lr_all': 0.05, 'reg_all': 0.02, 'n_epochs': 30}",225,0.05,0.02,30
8.766815778853381,8.771070811360914,8.762301968554675,8.766729519589658,0.003580384666072035,266,34.605711698532104,0.38140364392527093,2.492678085962931,0.22929548871841984,"{'n_factors': 225, 'lr_all': 0.05, 'reg_all': 0.02, 'n_epochs': 40}",225,0.05,0.02,40
8.766815778853381,8.771070781850502,8.762301968554675,8.766729509752851,0.0035803727387473325,265,41.56353251139323,0.7855865739044983,2.968465248743693,0.25917369343725893,"{'n_factors': 225, 'lr_all': 0.05, 'reg_all': 0.02, 'n_epochs': 50}",225,0.05,0.02,50
3.140706275327038,3.142578426544353,3.1477907653319197,3.1436918224011037,0.0029974697560542227,190,18.352997144063313,0.6391392702928195,2.653686205546061,0.15806702976286427,"{'n_factors': 225, 'lr_all': 0.05, 'reg_all': 0.05, 'n_epochs': 20}",225,0.05,0.05,20
3.1721124532477534,3.172800235107521,3.1782654846493656,3.1743927243348797,0.0027528125389314623,205,26.870529254277546,0.25882432967830615,2.6071626345316568,0.16018017220826913,"{'n_factors': 225, 'lr_all': 0.05, 'reg_all': 0.05, 'n_epochs': 30}",225,0.05,0.05,30
8.766815778853381,3.1950119148719143,3.2049295639052153,5.055585752543504,2.62423904158629,261,33.9711221853892,0.4420347802874548,2.651672919591268,0.15403657205632762,"{'n_factors': 225, 'lr_all': 0.05, 'reg_all': 0.05, 'n_epochs': 40}",225,0.05,0.05,40
8.766815778853381,3.2123738038783354,3.2198764576322243,5.06635534678798,2.6166224577260633,263,42.031413316726685,1.0175982512097508,3.2848426500956216,0.3999060303881223,"{'n_factors': 225, 'lr_all': 0.05, 'reg_all': 0.05, 'n_epochs': 50}",225,0.05,0.05,50
3.1948942868349377,3.1939241611887335,3.2007764816774853,3.196531643233719,0.0030275706435594157,220,17.850642760594685,0.3584221841791251,2.6161280473073325,0.04848588454772705,"{'n_factors': 225, 'lr_all': 0.05, 'reg_all': 0.1, 'n_epochs': 20}",225,0.05,0.1,20
3.224060530531663,3.224254867280202,3.2307391562780046,3.2263515180299565,0.0031035430011261,237,32.900254567464195,2.4013936813833667,3.5087053775787354,0.6147704171987063,"{'n_factors': 225, 'lr_all': 0.05, 'reg_all': 0.1, 'n_epochs': 30}",225,0.05,0.1,30
3.2420971883450056,3.2405231276531152,3.248730794996063,3.2437837036647275,0.0035566558493305505,242,40.77950628598531,2.189521931279739,2.5567826430002847,0.5380060071465814,"{'n_factors': 225, 'lr_all': 0.05, 'reg_all': 0.1, 'n_epochs': 40}",225,0.05,0.1,40
3.2512315306886856,3.247665255648905,3.258895636346492,3.2525974742280277,0.004685418086480939,248,38.27191893259684,5.224315675296607,1.1651608149210613,0.23777308874958172,"{'n_factors': 225, 'lr_all': 0.05, 'reg_all': 0.1, 'n_epochs': 50}",225,0.05,0.1,50
